97000000000001308488,P-252,COUCHE AMARILLO
97000000000001308495,P-253,COUCHE AMARILLO
97000000000001308501,P-256,COUCHE AMARILLO
97000000000001308518,P-257,COUCHE AMARILLO
97000000000001308525,P-258,COUCHE AMARILLO
97000000000001308532,P-259,COUCHE AMARILLO
97000000000001308549,P-260,COUCHE AMARILLO
97000000000001308556,P-261,COUCHE AMARILLO
97000000000001308563,P-262,COUCHE AMARILLO
97000000000001308570,P-263,COUCHE AMARILLO
97000000000001308587,P-264,COUCHE AMARILLO
97000000000001308594,P-265,COUCHE AMARILLO
97000000000001308600,P-266,COUCHE AMARILLO
97000000000001308617,P-267,COUCHE AMARILLO
97000000000001308624,P-268,COUCHE AMARILLO
97000000000001308631,P-269,COUCHE AMARILLO
97000000000001308648,P-270,COUCHE AMARILLO
97000000000001308655,P-271,COUCHE AMARILLO
97000000000001308662,P-272,COUCHE AMARILLO
97000000000001308679,P-273,COUCHE AMARILLO
97000000000001308686,P-274,COUCHE AMARILLO
97000000000001308693,P-275,COUCHE AMARILLO
97000000000001308709,P-276,COUCHE AMARILLO
97000000000001308716,P-277,COUCHE AMARILLO
97000000000001308723,P-278,COUCHE AMARILLO
97000000000001308730,P-279,COUCHE AMARILLO
97000000000001308747,P-282,COUCHE AMARILLO
97000000000001308754,P-283,COUCHE AMARILLO
97000000000001308761,P-284,COUCHE AMARILLO
97000000000001308778,P-285,COUCHE AMARILLO
97000000000001308785,P-286,COUCHE AMARILLO
97000000000001308792,P-287,COUCHE AMARILLO
97000000000001308808,P-288,COUCHE AMARILLO
97000000000001308815,P-289,COUCHE AMARILLO
97000000000001308822,P-290,COUCHE AMARILLO
97000000000001308839,P-291,COUCHE AMARILLO
97000000000001308846,P-292,COUCHE AMARILLO
97000000000001308853,P-293,COUCHE AMARILLO
97000000000001308860,P-294,COUCHE AMARILLO
97000000000001308877,P-295,COUCHE AMARILLO
97000000000001308884,P-296,COUCHE AMARILLO
97000000000001308891,P-297,COUCHE AMARILLO
97000000000001308907,P-298,COUCHE AMARILLO
97000000000001308914,P-299,COUCHE AMARILLO
97000000000001308921,P-300,COUCHE AMARILLO
97000000000001308938,P-301,COUCHE AMARILLO
97000000000001308945,P-302,COUCHE AMARILLO
97000000000001308952,P-303,COUCHE AMARILLO
97000000000001308969,P-304,COUCHE AMARILLO
97000000000001308976,P-305,COUCHE AMARILLO
97000000000001308983,P-306,COUCHE AMARILLO
97000000000001308990,P-307,COUCHE AMARILLO
97000000000001309003,P-308,COUCHE AMARILLO
97000000000001309010,P-309,COUCHE AMARILLO
97000000000001309027,P-310,COUCHE AMARILLO
97000000000001309034,P-311,COUCHE AMARILLO
97000000000001309041,P-312,COUCHE AMARILLO
97000000000001309058,P-313,COUCHE AMARILLO
97000000000001309065,P-314,COUCHE AMARILLO
97000000000001309072,P-315,COUCHE AMARILLO
97000000000001309089,P-316,COUCHE AMARILLO
97000000000001309096,P-317,COUCHE AMARILLO
97000000000001309102,P-318,COUCHE AMARILLO
97000000000001309119,P-319,COUCHE AMARILLO
97000000000001309126,P-320,COUCHE AMARILLO
97000000000001309133,P-321,COUCHE AMARILLO
97000000000001309140,P-322,COUCHE AMARILLO
97000000000001309157,P-323,COUCHE AMARILLO
97000000000001309164,P-324,COUCHE AMARILLO
97000000000001309171,P-325,COUCHE AMARILLO
97000000000001309188,P-326,COUCHE AMARILLO
97000000000001309195,P-327,COUCHE AMARILLO
97000000000001309201,P-328,COUCHE AMARILLO
97000000000001309218,P-329,COUCHE AMARILLO
97000000000001309225,P-330,COUCHE AMARILLO
97000000000001309232,P-331,COUCHE AMARILLO
97000000000001309249,P-332,COUCHE AMARILLO
97000000000001309256,P-333,COUCHE AMARILLO
97000000000001309263,P-334,COUCHE AMARILLO
97000000000001309270,P-335,COUCHE AMARILLO
97000000000001309287,P-134,TERMICO VERDE
97000000000001309294,P-135,TERMICO VERDE
97000000000001309300,P-136,TERMICO VERDE
97000000000001309317,P-137,TERMICO VERDE
97000000000001309324,P-139,TERMICO VERDE
97000000000001309331,P-140,TERMICO VERDE
97000000000001309348,P-141,TERMICO VERDE
97000000000001309355,P-142,TERMICO VERDE
97000000000001309362,P-143,TERMICO VERDE
97000000000001309379,P-147,TERMICO VERDE
97000000000001309386,P-148,TERMICO VERDE
97000000000001309393,P-149,TERMICO VERDE
97000000000001309409,P-150,TERMICO VERDE
97000000000001309416,P-151,TERMICO VERDE
97000000000001309423,P-153,TERMICO VERDE
97000000000001309430,P-154,TERMICO VERDE
97000000000001309447,P-156,TERMICO VERDE
97000000000001309454,P-157,TERMICO VERDE
97000000000001309461,P-160,TERMICO VERDE
97000000000001309478,P-161,TERMICO VERDE
97000000000001309485,P-163,TERMICO VERDE
97000000000001309492,P-164,TERMICO VERDE
97000000000001309508,P-165,TERMICO VERDE
97000000000001309515,P-166,TERMICO VERDE
97000000000001309522,P-167,TERMICO VERDE
97000000000001309539,P-168,TERMICO VERDE
97000000000001309546,P-169,TERMICO VERDE
97000000000001309553,P-171,TERMICO VERDE
97000000000001309560,P-172,TERMICO VERDE
97000000000001309577,P-173,TERMICO VERDE
97000000000001309584,P-175,TERMICO VERDE
97000000000001309591,P-176,TERMICO VERDE
97000000000001309607,P-177,TERMICO VERDE
97000000000001309614,P-178,TERMICO VERDE
97000000000001309621,P-179,TERMICO VERDE
97000000000001309638,P-181,TERMICO VERDE
97000000000001309645,P-182,TERMICO VERDE
97000000000001309652,P-183,TERMICO VERDE
97000000000001309669,P-184,TERMICO VERDE
97000000000001309676,P-185,TERMICO VERDE
97000000000001309683,P-186,TERMICO VERDE
97000000000001309690,P-187,TERMICO VERDE
97000000000001309706,P-190,TERMICO VERDE
97000000000001309713,P-191,TERMICO VERDE
97000000000001309720,P-192,TERMICO VERDE
97000000000001309737,P-193,TERMICO VERDE
97000000000001309744,P-195,TERMICO VERDE
97000000000001309751,P-196,TERMICO VERDE
97000000000001309768,P-197,TERMICO VERDE
97000000000001309775,P-198,TERMICO VERDE
97000000000001309782,P-199,TERMICO VERDE
97000000000001309799,P-200,TERMICO VERDE
97000000000001309805,P-201,TERMICO VERDE
97000000000001309812,P-202,TERMICO VERDE
97000000000001309829,P-203,TERMICO VERDE
97000000000001309836,P-204,TERMICO VERDE
97000000000001309843,P-205,TERMICO VERDE
97000000000001309850,P-207,TERMICO VERDE
97000000000001309867,P-208,TERMICO VERDE
97000000000001309874,P-209,TERMICO VERDE
97000000000001309881,P-210,TERMICO VERDE
97000000000001309898,P-211,TERMICO VERDE
97000000000001309904,P-212,TERMICO VERDE
97000000000001309911,P-213,TERMICO VERDE
97000000000001309928,P-215,TERMICO VERDE
97000000000001309935,P-217,TERMICO VERDE
97000000000001309942,P-218,TERMICO VERDE
97000000000001309959,P-219,TERMICO VERDE
97000000000001309966,P-220,TERMICO VERDE
97000000000001309973,P-221,TERMICO VERDE
97000000000001309980,P-222,TERMICO VERDE
97000000000001309997,P-223,TERMICO VERDE
97000000000001310009,P-225,TERMICO VERDE
97000000000001310016,P-226,TERMICO VERDE
97000000000001310023,P-227,TERMICO VERDE
97000000000001310030,P-229,TERMICO VERDE
97000000000001310047,P-231,TERMICO VERDE
97000000000001310054,P-233,TERMICO VERDE
97000000000001310061,P-235,TERMICO VERDE
97000000000001310078,P-237,TERMICO VERDE
97000000000001310085,P-241,TERMICO VERDE
97000000000001310092,P-245,TERMICO VERDE
97000000000001310108,P-251,TERMICO VERDE
97000000000001310115,P-346,TERMICO TOP NARANJA
97000000000001310122,P-347,TERMICO TOP NARANJA
97000000000001310139,P-348,TERMICO TOP NARANJA
97000000000001310146,P-349,TERMICO TOP NARANJA
97000000000001310153,P-352,TERMICO TOP NARANJA
97000000000001310160,P-353,TERMICO TOP NARANJA
97000000000001310177,P-354,TERMICO TOP NARANJA
97000000000001310184,P-355,TERMICO TOP NARANJA
97000000000001310191,P-356,TERMICO TOP NARANJA
97000000000001310207,P-357,TERMICO TOP NARANJA
97000000000001310214,P-360,TERMICO TOP NARANJA
97000000000001310221,P-361,TERMICO TOP NARANJA
97000000000001310238,-,CAJAS CARTON REF 1
97000000000001310245,-,CAJAS CARTON REF 1
97000000000001310252,-,CAJAS CARTON REF 1
97000000000001310269,-,CAJAS CARTON REF 1
97000000000001310276,-,CAJAS CARTON REF 1
97000000000001310283,-,CAJAS CARTON REF 1
97000000000001310290,-,CAJAS CARTON REF 1
97000000000001310306,-,CAJAS CARTON REF 1
97000000000001310313,-,CAJAS CARTON REF 1
97000000000001310320,-,CAJAS CARTON REF 1
97000000000001310337,P-131,-
97000000000001310344,P-132,-
97000000000001310351,P-133,-
97000000000001310368,-,CARTON GHAPHIDEA 
97000000000001310375,-,CARTON GHAPHIDEA 
97000000000001310382,-,CARTON GHAPHIDEA 
97000000000001310399,-,CARTON GHAPHIDEA 
97000000000001310405,-,CARTON GHAPHIDEA 
97000000000001310412,P-30,
97000000000001310429,P-31,
97000000000001310436,P-32,
97000000000001310443,P-33,
97000000000001310450,P-34,
97000000000001310467,P-35,
97000000000001310474,P-36,
97000000000001310481,P-37,
97000000000001310498,P-38,
97000000000001310504,P-42,
97000000000001310511,P-45,
97000000000001310528,P-47,
97000000000001310535,P-48,
97000000000001310542,P-49,
97000000000001310559,P-50,
97000000000001310566,P-51,
97000000000001310573,P-54,
97000000000001310580,P-55,
97000000000001310597,P-56,
97000000000001310603,P-57,
97000000000001310610,P-58,
97000000000001310627,P-59,
97000000000001310634,P-60,
97000000000001310641,P-63,
97000000000001310658,P-64,
97000000000001310665,P-65,
97000000000001310672,P-66,
97000000000001310689,P-67,
97000000000001310696,P-68,
97000000000001310702,P-69,
97000000000001310719,P-70,
97000000000001310726,P-71,
97000000000001310733,P-72,
97000000000001310740,P-74,
97000000000001310757,P-75,
97000000000001310764,P-76,
97000000000001310771,P-77,
97000000000001310788,P-78,
97000000000001310795,P-79,
97000000000001310801,P-80,
97000000000001310818,P-81,
97000000000001310825,P-82,
97000000000001310832,P-83,
97000000000001310849,P-84,
97000000000001310856,P-86,
97000000000001310863,P-87,
97000000000001310870,P-98,
97000000000001310887,P-99,
97000000000001310894,P-100,
97000000000001310900,P-101,
97000000000001310917,P-102,
97000000000001310924,P-103,
97000000000001310931,P-104,
97000000000001310948,P-105,
97000000000001310955,P-106,
97000000000001310962,P-107,
97000000000001310979,P-108,
97000000000001310986,P-111,
97000000000001310993,P-112,
97000000000001311006,P-113,
97000000000001311013,P-114,
97000000000001311020,P-115,
97000000000001311037,P-116,
97000000000001311044,P-117,
97000000000001311051,P-118,
97000000000001311068,P-119,
97000000000001311075,P-120,
97000000000001311082,P-121,
97000000000001311099,P-122,
97000000000001311105,P-123,
97000000000001311112,P-124,
97000000000001311129,P-125,
97000000000001311136,P-126,
97000000000001311143,P-127,
97000000000001311150,P-128,
97000000000001311167,P-129\nTEST 129,
97000000000001311174,,
97000000000001311181,,
